Должность;Категория
HR отдел/ Директор по персоналу (HRD);A
HR отдел/ Менеджер КДП;B
HR отдел/ Менеджер по подбору персонала;B
IT-отдел/ IT Директор (CIO);A
IT-отдел/ IT-специалист;B
R&D/ Бренд-Шеф;C
R&D/ Продакт-менеджер;A
R&D/ Шеф-Кондитер;C
R&D/ Шеф-Пекарь;C
R&D/ Шеф-Повар;C
Администрация производства/ Дежурный старший смены;C
Администрация производства/ Директор по производству;A
Администрация производства/ Заведующий производством;C
Администрация/ Директор ТОО;A
Администрация/ Заместитель управляющего директора;A
Администрация/ Управляющий директор (SEO);A
Администрация/ Финансовый директор (CFO);A
Бухгалтерия/ Бухгалтер материального стола;B
Бухгалтерия/ Бухгалтер по заработной плате;B
Бухгалтерия/ Бухгалтер по калькуляции;B
Бухгалтерия/ Бухгалтер по реализации;B
Бухгалтерия/ Бухгалтер производства;B
Бухгалтерия/ Бухгалтер-кассир;B
Бухгалтерия/ Главный бухгалтер;A
Бухгалтерия/ Заместитель главного бухгалтера;B
Бухгалтерия/ Оператор по сбору заказов;B
Бухгалтерия/ Старший бухгалтер по реализации;B
Горячий цех ЗП/ Бригадир;D
Горячий цех ЗП/ Дежурный бригадир;D
Горячий цех ЗП/ Дежурный повар;D
Горячий цех ЗП/ Повар;D
Горячий цех национальная кухня/ Дежурный повар;D
Горячий цех национальная кухня/ Повар;D
Горячий цех/ Бригадир;D
Горячий цех/ Дежурный бригадир;D
Горячий цех/ Дежурный повар;D
Горячий цех/ Дежурный повар (блинщик);D
Горячий цех/ Повар;D
Горячий цех/ Повар (блинщик);D
Горячий цех/ Шеф – повар;C
Здоровое питание/ Заведующий производством;C
Коммерческий отдел/ Коммерческий директор (ССO);A
Коммерческий отдел/ Менеджер по ключевым клиентам;B
Коммерческий отдел/ Менеджер по продажам;B
Коммерческий отдел/ Руководитель отдела продаж;B
Кондитерский цех/ Бригадир;D
Кондитерский цех/ Кондитер;D
Кондитерский цех/ Кондитер заготовщик;D
Кондитерский цех/ Фасовщик;D
Кондитерский цех/ Шеф-кондитер;C
Мучной цех/ Бригадир;D
Мучной цех/ Дежурный повар;D
Мучной цех/ Повар;D
Мясной цех/ Бригадир;D
Мясной цех/ Дежурный мясник;D
Мясной цех/ Мясник;D
Овощной цех/ Бригадир;D
Овощной цех/ Дежурный кухонный работник;D
Овощной цех/ Кухонный работник;D
Отдел контроля качества/ Директор по качеству (QD);C
Отдел контроля качества/ Специалист контроля качества;C
Отдел охраны труда и пром.без/ Дворник;D
Отдел охраны труда и пром.без/ Инженер по охране труда, ТБ и ПБ;A
Отдел охраны труда и пром.без/ Медицинский работник;B
Отдел снабжения/ Менеджер по снабжению;B
Отдел снабжения/ Руководитель отдела снабжения;A
Пекарня/ Бригадир;D
Пекарня/ Дежурный бригадир;D
Пекарня/ Дежурный оператор линии;D
Пекарня/ Дежурный оператор тестомесильного оборудования;D
Пекарня/ Дежурный пекарь печник;D
Пекарня/ Дежурный пекарь универсал;D
Пекарня/ Дежурный фасовщик;D
Пекарня/ Заведующий производством пекарня;C
Пекарня/ Оператор линии;D
Пекарня/ Оператор тестомесильного оборудования;D
Пекарня/ Пекарь печник;D
Пекарня/ Пекарь универсал;D
Пекарня/ Старший фасовщик;D
Пекарня/ Фасовщик;D
Склад ГП/ Дежурный комплектовщик;D
Склад ГП/ Дежурный старший комплектовщик;D
Склад ГП/ Заведующий складом ГП;C
Склад ГП/ Комплектовщик;D
Склад ГП/ Старший комплектовщик;D
Склад/ Грузчик;D
Склад/ Заведующий складом;C
Склад/ Кладовщик;D
Служба безопасности/ Руководитель СБ;A
Служба безопасности/ Специалист СБ;B
Служба клининга Дежурная техничка;D
Служба клининга/ Дежурный котломойщик;D
Служба клининга/ Дежурный тарамойщик;D
Служба клининга/ Котломойщик;D
Служба клининга/ Тарамойщик;D
Служба клининга/ Техничка;D
Станция стафф-питания/ Дежурный повар;D
Станция стафф-питания/ Повар;D
Станция суши/ Дежурный повар;D
Станция суши/ Повар;D
Технический отдел/ Главный инженер;C
Технический отдел/ Дежурный технический специалист;D
Технический отдел/ Старший технический специалист;C
Технический отдел/ Технический специалист;D
Технологический отдел/ Главный технолог;C
Технологический отдел/ Оператор этикетировщик;D
Технологический отдел/ Технолог;C
Технологический отдел/ Технолог хлебопекарного и кондитерского производства;C
Технологический отдел/ Технолог-оператор;C
Холодный цех/ Бригадир;D
Холодный цех/ Дежурный бригадир;D
Холодный цех/ Дежурный повар;D
Холодный цех/ Повар;D
Цех фасовки ЗП/ Бригадир;D
Цех фасовки ЗП/ Дежурный бригадир;D
Цех фасовки ЗП/ Дежурный комплектовщик;D
Цех фасовки ЗП/ Дежурный оператор линии упаковки;D
Цех фасовки ЗП/ Дежурный повар-оператор (на слайсере);D
Цех фасовки ЗП/ Дежурный фасовщик;D
Цех фасовки ЗП/ Комплектовщик;D
Цех фасовки ЗП/ Оператор линии упаковки;D
Цех фасовки ЗП/ Повар-оператор (на слайсере);D
Цех фасовки ЗП/ Фасовщик;D
Цех фасовки/ Бригадир;D
Цех фасовки/ Дежурный бригадир;D
Цех фасовки/ Дежурный оператор линии упаковки;D
Цех фасовки/ Дежурный повар-оператор (на слайсере);D
Цех фасовки/ Дежурный фасовщик;D
Цех фасовки/ Дежурный фасовщик (сэндвичи);D
Цех фасовки/ Оператор линии упаковки;D
Цех фасовки/ Повар-оператор (на слайсере);D
Цех фасовки/ Фасовщик;D
Цех фасовки/ Фасовщик (сэндвичи);D
