Сотрудник;Подразделение;Оклад (фикс);Тариф (часы);Премия;Штраф;Прочее;Итого начислено
Горбачев Александр;;3000000;0;0;0;0;3000000
Маньшева Олеся;;2705000;0;0;-319416;0;2385584
Герасименко Ольга;;1500000;0;0;0;0;1500000
Дубницкий Роман;;1500000;0;0;0;0;1500000
Зырянов Николай;;1500000;0;0;0;0;1500000
Малышев Александр;;1500000;0;0;0;0;1500000
EasyTap Business ТОО;;0;0;0;0;0;1219215
Аман Бану;;1000000;0;0;0;0;1000000
Ти Ирина;;1000000;0;0;0;0;1000000
Яковлев Александр;;1000000;0;0;0;0;1000000
Шишерина Мария;;1000000;0;0;-30000;0;970000
Борзых Любовь;;750000;0;0;0;0;750000
Дубинина Нина;;750000;0;0;0;0;750000
Арестов Эдуард;;700000;0;20000;0;0;720000
Есжанова Гюзяль;;400000;0;280000;0;0;680000
Абитов Руслан;;675000;0;0;-66000;0;609000
Тугалова Ойбарчин;;0;512892;113899;-21253;0;605538
Баскамбаева Аида;;600000;0;0;0;0;600000
Турыш Одилжон;;600000;0;0;0;0;600000
Шегай Юрий;;600000;0;0;0;0;600000
Саттаров Шухрат;;604224;0;0;-8753;0;595471
Жумабеков Медет;;0;558527;0;0;0;558527
Амиржанова Акерке;;550000;0;0;0;0;550000
Сыздыков Бауыржан У;;550000;0;0;0;0;550000
Худобаева Зарифа;;550000;0;0;0;0;550000
Сейтхан Диана;;500000;0;33621;-14716;0;518905
Амувакиров Адиль;;500000;0;0;0;0;500000
Карипбаева Лаура У;;380952;0;105494;0;0;486446
Ануар Оркен лагман;;0;486000;0;-7031;0;478969
Турсынжан Казия лагман;;0;486000;0;-7031;0;478969
Жалалова Зульфия;;0;470902;2000;-6273;0;466629
Головачев Владимир;;0;424800;65984;-25094;0;465690
Имашев Улан;;0;462551;2000;0;0;464551
Бейсембаева Галия;;0;461616;0;-3850;0;457766
Жумабек Шолпан;;457143;0;0;0;0;457143
Балаганова Динара;;450000;0;0;0;0;450000
Самусенко Анастасия;;450000;0;0;0;0;450000
Калкабаев Атай;;0;453424;0;-3850;0;449574
Исмахан Гүлбаршын;;0;399900;57327;-25011;0;432216
Нурымбетова Жазира;;432000;0;0;0;0;432000
Талипова Зухра;;0;448872;0;-20423;0;428449
Акимжан Анеля;;0;383750;50000;-26344;0;407406
Жумабиева Айнур;;400000;0;0;0;0;400000
Маулетханулы Даулет лагманщик;;0;405000;2000;-7031;0;399969
Машарипов Рустам;;450000;0;0;-52800;0;397200
Аширова Гульзада;;0;371000;12200;0;0;383200
Хинизова Гульнара;;0;407000;0;-26085;0;380915
Ахмуллаева Арзыгуль;;0;380484;0;0;0;380484
Дуйсен Ынтымак;;0;336000;50000;-8477;0;377523
Шашубаева Гулжан;;0;434558;2000;-59834;0;376724
Арынова Венера;;0;382000;0;-6327;0;375673
Коковкин Владимир;;190476;0;181939;0;0;372415
Тажихан Ерасыл;;0;338000;50000;-15656;0;372344
Абдинабиева Собира;;0;374000;0;-4085;0;369915
Акимжан Улбосын;;0;353000;20000;-12209;0;360791
Сулейменов Куаныш;;0;334642;30000;-5025;0;359617
Рабчук Валерий;;0;347000;30000;-17607;0;359393
Файзулина Венера;;0;308088;49496;-3140;0;354444
Зиямова Гульшан;;0;299000;69251;-18107;0;350144
Азимова Саням;;350000;0;0;0;0;350000
Абдуллаев Турганбай;;0;348933;17490;-18160;0;348263
Адамбосынов Максат;;0;290000;59034;-5154;0;343880
Билисбекова Жумагуль;;0;365271;59466;-82444;0;342293
Мухтарова Арайлым;;0;315000;30000;-3850;0;341150
Ирсымбетов Жамбыл;;0;341931;0;-3850;0;338081
Сапаров Шохрух;;0;322000;20000;-5918;0;336082
Советханов Елдос У;;214286;0;120267;0;0;334553
Дьяченко Елена;;0;350000;0;-17220;0;332780
Молдан Мерей У;;0;318000;14625;0;0;332625
Дуйсенбек Агаби;;0;354768;0;-23140;0;331628
Каныбек Назерке;;0;326760;0;-3140;0;323620
Шакенов Еламан;;0;337000;2000;-16023;0;322977
Насырова Мубарякхан;;0;328149;0;-5224;0;322925
Нурмухамет Бахаргул;;0;329536;0;-14080;0;315456
Абибова Кызханым;;0;319485;0;-4576;0;314909
Дербисова Клара;;0;308000;8580;-3327;0;313253
Молжигитова Сериккуль;;0;324000;0;-11440;0;312560
Азизов Турсунмагамет;;272000;0;39576;0;0;311576
Сонуров Ялкунжан;;0;328812;0;-19089;0;309723
Куртогузова Ирина У;;0;325065;0;-16377;0;308688
Абитова Самал;;100000;210000;0;-3732;0;306268
Асанова Айсара У;;0;294000;14625;-3125;0;305500
Ботанбай Жулдызай;;0;313000;0;-7549;0;305451
Омаркулова Гулчехра У;;0;290000;14625;0;0;304625
Култаева Жадыра;;0;246237;76963;-22103;0;301097
Киниспаева Марал;;0;273000;32650;-4780;0;300870
Ашимова Модангуль У;;0;264000;40000;-3850;0;300150
Онласбек Шуга;;0;317492;0;-18140;0;299352
Куанышбек Гулдераим;;0;303000;0;-3850;0;299150
Бекирзакова Гульмира;;0;300268;22000;-24038;0;298230
Аманова Алмагуль;;0;315090;0;-17220;0;297870
Жаныбек Айзат У;;0;308000;0;-11713;0;296287
Рахманова Ризвангуль;;0;233928;66113;-3963;0;296078
Сахибзадаев Талгат;;0;312000;2000;-19720;0;294280
Бурлибаева Марал;;0;268000;30648;-4532;0;294116
Кумархан Айжан;;0;296418;0;-3140;0;293278
Ираимова Сабина;;0;298000;0;-4763;0;293237
Сапархан Акпейл;;0;310422;0;-17220;0;293202
Касымбекова Патигуль;;0;223098;73877;-3910;0;293065
Амандосов  Танаткан;;0;315000;2000;-25030;0;291970
Болатбек Даулет;;0;255000;40000;-3625;0;291375
Арифулина Ясмина;;0;294998;0;-3850;0;291148
Инкарбекова Шугыла;;0;283581;0;-3850;10000;289731
Жунискулова Гульжазира;;0;297825;0;-11850;0;285975
Ташполатов Михришат У;;0;288000;0;-2200;0;285800
Римжанова Альбина;;0;259074;30187;-3945;0;285316
Ботанбаева Кызгалдак;;0;291596;49495;-56017;0;285074
Отемуратов Сакен У;;0;260000;28017;-6559;0;281458
Балхынбек Нариман У;;0;285000;0;-3850;0;281150
Калкабаева Жазира;;0;284000;0;-4976;0;279024
Идрисова Шахноза;;0;282000;0;-3019;0;278981
Исмаилова Румилям;;0;281000;0;-4994;0;276006
Когамбекова Нургуль;;0;273999;17490;-17788;0;273701
Кусанбаев Нурсултан;;0;274000;0;-4869;0;269131
Сансызбаева Зауре;;0;276000;12000;-19720;0;268280
Джалилова Мубарякхан;;0;219849;61565;-14052;0;267362
Альжанова Зауреш;;0;275000;10000;-18009;0;266991
Дауленбаева Шолпан У;;0;269000;10965;-14242;0;265723
Абдранова Айшагул;;0;264000;0;0;0;264000
Сейтхан Нур-Отан;;0;277000;0;-14080;0;262920
Ракимжанова Фатима;;0;276000;0;-13200;0;262800
Джетекова Акмарал;;0;277000;0;-15259;0;261741
Турсумбаев Серик;;0;329000;0;-67426;0;261574
Омышева Асем;;0;266000;0;-4478;0;261522
Иманбек Бекдарын У;;0;267000;0;-6736;0;260264
Жамалова Наргиза;;0;262000;0;-4443;0;257557
Нурлан Диана;;0;261000;0;-4158;0;256842
Дауленбаева Айман У;;0;259000;10965;-13218;0;256747
Иманбек Нуржалын У;;0;260000;0;-3850;0;256150
Ботабекова Айнагуль;;0;254000;2000;0;0;256000
Байгутдинова Гульшат;;0;252000;0;0;0;252000
Абдраманова Аигуль;;0;236000;19824;-3964;0;251860
Токтар Айжан У;;0;252000;3653;-4478;0;251175
Султанова Эльмира;;0;269000;0;-18200;0;250800
Скендыр Шарбат;;0;265000;0;-14803;0;250197
Сейлханова Куралай;;0;264000;0;-14080;0;249920
Намазбекова Жазира;;0;253000;0;-3850;0;249150
Жакыпова Сауле;;0;264909;0;-17220;0;247689
Калиева Бакыт;;247619;0;0;0;0;247619
Туремуратова Назира;;0;251000;0;-3850;0;247150
Токтасын Мейржан лагман;;0;252072;2000;-7031;0;247041
Сенгербаева Лайля;;0;263000;0;-18078;0;244922
Жумамуратова Наубахар;;0;240000;0;0;0;240000
Лебеков Ербол;;160000;0;80000;0;0;240000
Мамбетаев Оралгалы;;0;231066;9328;-3850;0;236544
Джамбакиева Анархан У;;0;223750;33000;-22558;0;234192
Дербисова Мерей;;0;214000;21450;-2062;0;233388
Тухтиярова Гульмира;;0;248000;0;-15241;0;232759
Жолдасбаев Сагындык;;0;172356;59272;0;0;231628
Аштаева Гулсим У.;;0;234000;0;-2556;0;231444
Сапарбек Саламат У;;0;214000;16455;0;0;230455
Жанадилова Миуагул;;0;228000;0;0;0;228000
Кадирова Гульжахирам;;0;228000;0;0;0;228000
Карчалова Жадыра;;0;299184;12000;-84578;0;226606
Бибитов Абилхан;;160000;0;64000;0;0;224000
Айбасова Айгуль;;0;302253;0;-79172;0;223081
Файзуллаева Жанар У;;0;228000;10965;-16442;0;222523
Имирова  Камчат;;0;226000;0;-3850;0;222150
Нуримбетов Самат;;0;232233;0;-11384;0;220849
Мамытаева Танзила;;0;234567;0;-17220;0;217347
Балташбаева Акжаркын декретУ;;0;199557;21937;-11054;0;210440
Марупова Наргиза;;0;224064;0;-14580;0;209484
Сатаева Кунсулу;;0;196204;22000;-13313;0;204891
Кахирман Мурадыл У;;0;207000;7312;-10741;0;203571
Овчинников Илья;;0;203604;0;-2200;0;201404
Медеткызы Аружан;;0;201000;2000;-2136;0;200864
Кунганбаева Гульназ;;0;202000;0;-3590;0;198410
Абдинабиева Угилжан;;0;207000;0;-12461;0;194539
Нургадырова Мастура;;0;206853;0;-14635;0;192218
Нугымбетова Дана;;0;196000;0;-3850;0;192150
Абдуллаева Нигора У;;0;191000;10965;-10277;0;191688
Гордиенко Милана У;;0;179000;3653;-950;0;181703
Мейрбекова Аида У;;0;177000;3653;-939;0;179714
Камалова Азиза;;0;192000;0;-13612;0;178388
Асубеков Дархан;;160000;0;16000;0;0;176000
Казейкина Гульнара;;160000;0;16000;0;0;176000
Турсунов Рамил;;0;189000;0;-14080;0;174920
Карибай Молдир У;;0;140070;49615;-14851;0;174834
Рахимжанова Карлыгаш;;0;180000;0;-14080;0;165920
Баратова Мунира;;0;231000;0;-66057;0;164943
Маметова Гульмирям У;;0;162000;2000;0;0;164000
Оразбаева Арзыгуль У;;0;162450;2000;-2200;0;162250
Ильницкий Павел;;160000;0;0;0;0;160000
Максутов Азамат У;;0;126000;39623;-13241;0;152382
Исмайлова Гулзейнап;;0;154044;0;-3140;0;150904
Насырова Реханбуви У;;0;83000;70831;-3850;0;149981
Калмурзаева Гулсауир;;0;107316;54941;-15055;0;147202
Муслим Асел;;0;156000;0;-11440;0;144560
Балхыбек Валихан У;;0;143000;7312;-10774;0;139538
Алнур Акнур У;;0;142000;0;-2524;0;139476
Тулебергенова Алия У;;133333;0;0;0;0;133333
Кравчук Ольга;;0;124000;0;0;0;124000
Миралиев Рустам;;120000;0;0;0;0;120000
Парахатова Асемай;;0;115000;0;-2044;0;112956
Игумнов Александр;;0;113102;0;-6356;0;106746
Троценко Андрей;;0;111936;0;-6230;0;105706
Песенко Илья;;0;0;104545;0;0;104545
Аллазова Телли;;0;107272;0;-3850;0;103422
Ибрайханов Муратбек;;100000;0;0;0;0;100000
Ли Станислав;;100000;0;0;0;0;100000
Ермекова Камила;;0;96861;0;-6160;0;90701
Турдалиев Ерсултан У;;0;61000;35931;-7245;0;89686
Абитжанов Амир;;0;91000;0;-1404;0;89596
Насыров Турсунжан У;;0;45000;50584;-7833;0;87751
Авутова Бахтнур У;;0;85000;0;0;0;85000
Имяржанова Макамадина У;;0;87000;0;-3850;0;83150
Тобажанова Асель;;0;81000;0;-1191;0;79809
Егоров Денис;;0;76250;0;0;0;76250
Султанбекова Мадинабону;;0;77000;0;-1368;0;75632
Радионова Дарья У;;59524;0;14400;0;0;73924
Азимова Гульзирям;;0;103000;0;-30124;0;72876
Калибекова Нургуль У.;;0;71000;0;0;0;71000
Бауман Лилия;;0;72000;0;-3480;0;68520
Абдимамын Балжан;;0;72000;0;-3850;0;68150
Кали Алуа.;;0;60000;0;-1066;0;58934
Ерболкызы Улдана У;;0;0;61163;-6946;0;54217
Ким Павел У.;;0;47000;10965;-5242;0;52723
Павлова Нина;;0;51984;0;-524;0;51460
Усен Аида;;0;38988;0;-383;0;38605
Айнабекова Куралай У;;0;0;38253;0;0;38253
Тургинбаев Асхат У;;0;0;40526;-4053;0;36473
Азимханова Асигуль У;;0;36000;0;0;0;36000
Шалбосунова Сауле;;32000;0;0;0;0;32000
Есенбаев Тимур У;;0;25000;7312;-2161;0;30151
Дуйсен Абылайхан;;0;21000;0;0;0;21000
Вальман Диана;;14286;0;0;0;0;14286
Абыханов Исламбек У;;0;0;0;-4501;0;-4501
Шадманов Алишер У;;0;0;0;-5043;0;-5043
Грачева Кристина У;;0;0;0;-6988;0;-6988
Откербек Айсулу У;;0;0;0;-7106;0;-7106
Берданова Саодат У;;0;0;0;-7950;0;-7950
Шамиева Камиля У;;0;0;0;-8056;0;-8056
Токтаров Абылай У;;0;0;0;-8339;0;-8339
Садыбаева Гаухар У;;0;0;0;-8549;0;-8549
Ташболат Сапар У;;0;0;0;-8643;0;-8643
Амыреева Шахадят У;;0;0;0;-9332;0;-9332
Дуйсебай Мейрбек Султанбекулы;;0;0;0;-10000;0;-10000
Ешимов Ерлан У;;0;0;0;-11632;0;-11632
Кулахмет Акторгын У;;0;0;0;-28224;0;-28224
Кушербай Саят У;;0;0;0;-70757;0;-70757
Жорабекулы Жасулан У;;0;0;0;-70778;0;-70778
— без сотрудника (служебные проводки);;0;0;0;0;-76277532;-76277532
ИТОГО;;29787843;43649536;3271902;-2642436;-76267532;-981472
