строка;контрагент;Отгрузка с 26.09.2026 по 02.10.2026;Поступление ДС с 26.09.2026 по 02.10.2026
1;48 723 720,00;;
2;ДЕБИТОРЫ;;
3;Поставщик;;
4;0ЧАСТНОЕ ЛИЦО ПОКУПАТЕЛЬ;;
5;1-БАЗИЛИК 1 (ШЕВЧЕНКО);1192660.0;1161940.0
6;2-БАЗИЛИК 2 (ЖЕЛТОКСАН);340150.0;1286960.0
7;3-БАЗИЛИК 3 (АСТАНА);;
8;5555 ГРЭС ЦОЙ;;
9;7-Kaspi Банк (Склад ГП): Склад ГП КБ;4355565.0;6100000.0
10;9-БАЗИЛИК 5 (АКСАЙ);709470.0;614340.0
11;70-ТОО ТУАР (ШИНЛАЙН);;
12;81-NANDU;;
13;84-ТОО ГАМАУС (ДИСТРИБЬЮТОР);;
14;85-ДФЗ (дистрибьютор);25965744.0;26150000.0
15;86-Crave Cafe (Жетысу-4,2а): СН Склад ГП с Фудзавода;236281.0;500000.0
16;89-ИП ЦОЙ Д.Л. (ТОРТЫ): СКЛАД ИП ЦОЙ ДЛ;;
17;90-ТОО Май Март;6645497.0;1050498.0
18;95-ТОО ФУД ПИКАССО (ДИСТРИБЬЮТОР);;
19;96-ТОО DSF (ДИСТРИБЬЮТОР);4034100.0;
20;97-ИП НИК И КО (КЕЙТЕРИНГ);56798.0;
21;98-O-live: Склад O-live;2957660.0;
22;99-RP АЗС 1 (все точки);6837598.0;
23;100-Сrave cafe (Cейфуллина): CV Склад ГП с Фуд завода;246752.0;
24;102-Яндекс лавка Абылай хана (все точки);8860437.0;11107945.0
25;103-БОБУХ ИП, УЛ. ТОРЕТАЙ 92, БУТИК 103;;
26;104-DQ12 ТОО Г.ТАРАЗ, КОНАЕВА 12;321872.0;321872.0
27;105-АЛГА ЭКСПРЕСС;;
28;107-AL Group ул.Мусатай Карима 12/12 офис 11;91280.0;
29;108-GO MARKET KRG ИП;;
30;109- ALI OIL ТОО Астана;;
31;"110 АЗС №2 ""Sinooil"" пр. Абая 109б (все точки)";152025.0;
32;111 ГЛОВО г. Алматы (все точки);964409.0;713948.0
33;112 PRO OIL SERVICE ИП;;
34;113-WOLT SERVICES KAZAKHSTAN;;
35;115- ДАРКСТОР;;
36;117-А-ГРУПП ХОЛДИНГ ТОО УЛ.ЩЕПЕТКОВА 189;;
37;119-NOA COFFEE ИП, УЛ.ЖАНДОСОВА 1;;
38;"121-ТОО ""Shagyn sauda";;
39;EYWA TERRACE ТОО;;
40;556-ROMANTIC (ТОРТЫ) МАХАМБЕТОВ АКЗЕР;;
41;558-ROMANTIC (ТОРТЫ) НУРЛЫБАЕВ АЛИБЕК;;
42;"560-HENRY ""BONNAR INC"" ТОРТЫ";;
43;561 BOGAT LABEL ТОО(ТОРТЫ);;
44;ИТОГО;;
45;;;
46;KC17   5 164 859 → 3 341 263;;
47;KF17   5 151 469 → 3 332 600;;
48;KI17   5 405 687 → 3 497 060;;
